Player,Squad,League,Age,Pos,Altura_cm,Pie,Finaliza_Contrato,Valor_M€,Score_DF,p_Efficiency,Score_Final
Bastien Meupiyou,Alverca,Primeira Liga,19,DF,191.0,Left,No,4.0,61.260775862068975,98.27586206896551,60.564439655172414
Pau Navarro,Villarreal,La Liga,20,DF,185.0,Right,No,5.0,44.7844827586207,95.6896551724138,51.658922413793114
Álex Valle,Como,Serie A,21,DF,182.0,Left,No,10.0,62.68318965517242,90.51724137931035,64.19426185344828
Nobel Mendy,Rayo Vallecano,La Liga,21,DF,187.0,Left,No,6.0,36.01293103448276,88.79310344827587,43.31773706896552
Tiago Gabriel,Lecce,Serie A,21,DF,188.0,Right,No,15.0,72.2844827586207,82.75862068965517,70.7835129310345
