Player,Squad,League,Age,Pos,Altura_cm,Pie,Finaliza_Contrato,Valor_M€,Score_DF,p_Efficiency,Score_Final
Tiago Gabriel,Lecce,Serie A,21,DF,188.0,Right,No,15.0,72.2844827586207,82.75862068965517,70.7835129310345
Jacobo Ramón,Como,Serie A,21,DF,187.0,Right,No,18.0,69.79525862068965,74.56896551724138,67.5450161637931
Álex Valle,Como,Serie A,21,DF,182.0,Left,No,10.0,62.68318965517242,90.51724137931035,64.19426185344828
Bastien Meupiyou,Alverca,Primeira Liga,19,DF,191.0,Left,No,4.0,61.260775862068975,98.27586206896551,60.564439655172414
Samson Baidoo,Lens,Ligue 1,21,DF,190.0,Right,No,12.0,58.771551724137936,81.03448275862068,58.61408405172414
