Player,Squad,League,Age,Pos,Altura_cm,Pie,Finaliza_Contrato,Valor_M€,Score_WB,p_Efficiency,Score_Final
Jordan James,Leicester City,Championship,21,MF,190.0,Right,No,8.0,68.47317073170731,92.6829268292683,68.54641463414634
Kévin Danois,Auxerre,Ligue 1,21,MF,179.0,Right,No,10.0,66.84390243902439,89.75609756097562,70.44220975609755
Lewis Hall,Newcastle United,Premier League,21,DF,179.0,Left,No,32.0,65.28292682926829,37.073170731707314,56.81999999999999
Patrick Dorgu,Manchester Utd,Premier League,21,MF,185.0,Left,No,30.0,64.89756097560976,39.51219512195122,57.281951219512194
Yankuba Minteh,Brighton,Premier League,21,MF,180.0,Left,No,40.0,64.39999999999999,29.268292682926827,53.86048780487804
