Player,Squad,League,Age,Pos,Altura_cm,Pie,Finaliza_Contrato,Valor_M€,Score_WB,p_Efficiency,Score_Final
Óscar Perea,AVS Futebol,Primeira Liga,20,"MF,FW",180.0,Right,No,2.0,41.51707317073171,98.53658536585365,55.135492682926824
Diogo Travassos,Moreirense,Primeira Liga,21,"MF,FW",175.0,Right,No,2.5,51.53170731707317,98.04878048780488,61.15816585365853
Jordan James,Leicester City,Championship,21,MF,190.0,Right,No,8.0,68.47317073170731,92.6829268292683,68.54641463414634
Aaron Zehnter,Wolfsburg,Bundesliga,21,DF,181.0,Left,No,6.0,40.702439024390245,91.21951219512195,54.71789268292682
Kévin Danois,Auxerre,Ligue 1,21,MF,179.0,Right,No,10.0,66.84390243902439,89.75609756097562,70.44220975609755
