Player,Squad,League,Age,Pos,Altura_cm,Pie,Finaliza_Contrato,Valor_M€,Score_MC,p_Efficiency,Score_Final
Taichi Fukui,Arouca,Primeira Liga,21,MF,173.0,Right,No,2.0,62.73726114649681,100.0,68.64615286624203
Diogo Travassos,Moreirense,Primeira Liga,21,"MF,FW",175.0,Right,No,2.5,55.788216560509554,98.40764331210191,63.88783439490445
Óscar Perea,AVS Futebol,Primeira Liga,20,"MF,FW",180.0,Right,No,2.0,44.09235668789809,98.08917197452229,56.5876433121019
Mario Martín,Getafe,La Liga,21,"MF,FW",177.0,Right,No,5.0,51.55095541401274,94.5859872611465,63.73975159235668
Mathias De Amorim,Famalicão,Primeira Liga,21,MF,171.0,Right,No,6.0,55.3359872611465,92.99363057324841,61.98505732484077
