Player,Squad,League,Age,Pos,Altura_cm,Pie,Finaliza_Contrato,Valor_M€,Score_MC,p_Efficiency,Score_Final
Mateus Fernandes,West Ham United,Premier League,21,MF,178.0,Right,No,32.0,65.0700636942675,41.082802547770704,57.87388535031846
Sydie Peck,Sheffield United,Championship,21,MF,182.0,Left,No,12.0,63.55732484076433,75.47770700636943,60.45992038216559
Taichi Fukui,Arouca,Primeira Liga,21,MF,173.0,Right,No,2.0,62.73726114649681,100.0,68.64615286624203
Álex Jiménez,Bournemouth,Premier League,20,"DF,MF",182.0,Right,No,18.0,62.57324840764331,67.19745222929936,63.96050955414013
Arthur Avom,Lorient,Ligue 1,21,MF,175.0,Right,Sí,9.0,62.068471337579616,63.69426751592356,61.939249585987255
