Player,Squad,League,Age,Pos,Altura_cm,Pie,Finaliza_Contrato,Valor_M€,Score_TANK,p_Efficiency,Score_Final
Said El Mala,Köln,Bundesliga,19,"FW,MF",186.0,Right,No,40.0,75.51829268292683,46.34146341463415,64.65073170731706
Álvaro Rodríguez,Elche,La Liga,21,FW,193.0,Left,No,4.0,64.32926829268293,100.0,74.12987804878048
Evan Ferguson,Roma,Serie A,21,FW,188.0,Right,No,25.0,64.1158536585366,60.97560975609756,60.929725609756105
Christian Kofane,Leverkusen,Bundesliga,19,"FW,MF",186.0,Right,No,22.0,54.115853658536594,56.09756097560976,53.19512195121951
Ilyas Ansah,Union Berlin,Bundesliga,21,"MF,FW",194.0,Right,No,12.0,52.80487804878048,80.48780487804879,59.631219512195116
